Site,Species,Hunted,site.spBBS,Arctictis binturong,No,Arctictis binturong-BBSBBS,Argusianus argus,No,Argusianus argus-BBSBBS,Chalcophaps indica,No,Chalcophaps indica-BBSBBS,Cuon alpinus,No,Cuon alpinus-BBSBBS,Cynogale bennettii,No,Cynogale bennettii-BBSBBS,Echinosorex gymnura,No,Echinosorex gymnura-BBSBBS,Elephas maximus,Yes,Elephas maximus-BBSBBS,Gallus gallus,No,Gallus gallus-BBSBBS,Helarctos malayanus,No,Helarctos malayanus-BBSBBS,Hemigalus derbyanus,No,Hemigalus derbyanus-BBSBBS,Herpestes brachyurus,No,Herpestes brachyurus-BBSBBS,Hystrix brachyura,Yes,Hystrix brachyura-BBSBBS,Lariscus insignis,No,Lariscus insignis-BBSBBS,Lutra lutra,No,Lutra lutra-BBSBBS,Macaca fascicularis,No,Macaca fascicularis-BBSBBS,Macaca nemestrina,No,Macaca nemestrina-BBSBBS,Manis javanica,Yes,Manis javanica-BBSBBS,Muntiacus muntjak,Yes,Muntiacus muntjak-BBSBBS,Neofelis nebulosa,Unknown,Neofelis nebulosa-BBSBBS,Paguma larvata,No,Paguma larvata-BBSBBS,Panthera tigris,Yes,Panthera tigris-BBSBBS,Pardofelis marmorata,Unknown,Pardofelis marmorata-BBSBBS,Pardofelis temminckii,Unknown,Pardofelis temminckii-BBSBBS,Prionailurus bengalensis,Unknown,Prionailurus bengalensis-BBSBBS,Prionodon linsang,No,Prionodon linsang-BBSBBS,Rollulus rouloul,No,Rollulus rouloul-BBSBBS,Rusa unicolor,Yes,Rusa unicolor-BBSBBS,Sus scrofa,Yes,Sus scrofa-BBSBBS,Tapirus indicus,Yes,Tapirus indicus-BBSBBS,Tragulus javanicus,Yes,Tragulus javanicus-BBSBBS,Tragulus napu,Yes,Tragulus napu-BBSBBS,Trichys fasciculata,No,Trichys fasciculata-BBSBBS,Tupaia tana,No,Tupaia tana-BBSBCI,Aramides cajaneus,No,Aramides cajaneus-BCIBCI,Cabassous centralis,No,Cabassous centralis-BCIBCI,Canis latrans,No,Canis latrans-BCIBCI,Crax rubra,Yes,Crax rubra-BCIBCI,Cuniculus paca,Yes,Cuniculus paca-BCIBCI,Dasyprocta punctata,Yes,Dasyprocta punctata-BCIBCI,Dasypus novemcinctus,No,Dasypus novemcinctus-BCIBCI,Didelphis marsupialis,No,Didelphis marsupialis-BCIBCI,Eira barbara,No,Eira barbara-BCIBCI,Galictis vittata,No,Galictis vittata-BCIBCI,Geotrygon montana,No,Geotrygon montana-BCIBCI,Hoplomys gymnurus,No,Hoplomys gymnurus-BCIBCI,Hydrochoerus isthmius,Yes,Hydrochoerus isthmius-BCIBCI,Leopardus pardalis,Yes,Leopardus pardalis-BCIBCI,Leopardus wiedii,No,Leopardus wiedii-BCIBCI,Leptotila cassini,No,Leptotila cassini-BCIBCI,Leptotila verreauxi,No,Leptotila verreauxi-BCIBCI,Mazama temama,Yes,Mazama temama-BCIBCI,Metachirus nudicaudatus,No,Metachirus nudicaudatus-BCIBCI,Nasua narica,Yes,Nasua narica-BCIBCI,Nasua nasua,No,Nasua nasua-BCIBCI,Neomorphus geoffroyi,No,Neomorphus geoffroyi-BCIBCI,Odocoileus virginianus,Yes,Odocoileus virginianus-BCIBCI,Odontophorus gujanensis,No,Odontophorus gujanensis-BCIBCI,Pecari tajacu,Yes,Pecari tajacu-BCIBCI,Penelope purpurascens,Yes,Penelope purpurascens-BCIBCI,Philander opossum,No,Philander opossum-BCIBCI,Procyon cancrivorus,No,Procyon cancrivorus-BCIBCI,Proechimys semispinosus,No,Proechimys semispinosus-BCIBCI,Puma yagouaroundi,No,Puma yagouaroundi-BCIBCI,Sciurus granatensis,Yes,Sciurus granatensis-BCIBCI,Sylvilagus brasiliensis,No,Sylvilagus brasiliensis-BCIBCI,Tamandua mexicana,No,Tamandua mexicana-BCIBCI,Tapirus bairdii,No,Tapirus bairdii-BCIBCI,Tinamus major,Yes,Tinamus major-BCIBIF,Atherurus africanus,No,Atherurus africanus-BIFBIF,Atilax paludinosus,No,Atilax paludinosus-BIFBIF,Canis adustus,No,Canis adustus-BIFBIF,Caracal aurata,No,Caracal aurata-BIFBIF,Cephalophus nigrifrons,Yes,Cephalophus nigrifrons-BIFBIF,Cephalophus silvicultor,No,Cephalophus silvicultor-BIFBIF,Cephalophus weynsi,Yes,Cephalophus weynsi-BIFBIF,Cercopithecus lhoesti,No,Cercopithecus lhoesti-BIFBIF,Cercopithecus mitis,No,Cercopithecus mitis-BIFBIF,Civettictis civetta,No,Civettictis civetta-BIFBIF,Cricetomys emini,No,Cricetomys emini-BIFBIF,Cricetomys gambianus,No,Cricetomys gambianus-BIFBIF,Francolinus nobilis,Yes,Francolinus nobilis-BIFBIF,Genetta servalina,No,Genetta servalina-BIFBIF,Gorilla beringei,No,Gorilla beringei-BIFBIF,Guttera pucherani,Yes,Guttera pucherani-BIFBIF,Leptailurus serval,No,Leptailurus serval-BIFBIF,Loxodonta africana,No,Loxodonta africana-BIFBIF,Mellivora capensis,No,Mellivora capensis-BIFBIF,Nandinia binotata,No,Nandinia binotata-BIFBIF,Pan troglodytes,No,Pan troglodytes-BIFBIF,Papio anubis,No,Papio anubis-BIFBIF,Phataginus tricuspis,No,Phataginus tricuspis-BIFBIF,Potamochoerus larvatus,Yes,Potamochoerus larvatus-BIFBIF,Thryonomys gregorianus,No,Thryonomys gregorianus-BIFBIF,Thryonomys swinderianus,No,Thryonomys swinderianus-BIFBIF,Tragelaphus scriptus,No,Tragelaphus scriptus-BIFBIF,Tragelaphus spekii,No,Tragelaphus spekii-BIFCAX,Atelocynus microtis,No,Atelocynus microtis-CAXCAX,Cabassous unicinctus,Yes,Cabassous unicinctus-CAXCAX,Crypturellus soui,Yes,Crypturellus soui-CAXCAX,Crypturellus strigulosus,Yes,Crypturellus strigulosus-CAXCAX,Crypturellus variegatus,Yes,Crypturellus variegatus-CAXCAX,Cuniculus paca,Yes,Cuniculus paca-CAXCAX,Dasyprocta leporina,Yes,Dasyprocta leporina-CAXCAX,Dasypus kappleri,Yes,Dasypus kappleri-CAXCAX,Dasypus novemcinctus,Yes,Dasypus novemcinctus-CAXCAX,Didelphis marsupialis,No,Didelphis marsupialis-CAXCAX,Eira barbara,No,Eira barbara-CAXCAX,Geotrygon montana,No,Geotrygon montana-CAXCAX,Leopardus pardalis,No,Leopardus pardalis-CAXCAX,Leopardus wiedii,No,Leopardus wiedii-CAXCAX,Mazama americana,Yes,Mazama americana-CAXCAX,Mazama nemorivaga,Yes,Mazama nemorivaga-CAXCAX,Metachirus nudicaudatus,No,Metachirus nudicaudatus-CAXCAX,Mitu tuberosum,Yes,Mitu tuberosum-CAXCAX,Myrmecophaga tridactyla,Yes,Myrmecophaga tridactyla-CAXCAX,Nasua nasua,Yes,Nasua nasua-CAXCAX,Panthera onca,No,Panthera onca-CAXCAX,Pecari tajacu,Yes,Pecari tajacu-CAXCAX,Penelope pileata,Yes,Penelope pileata-CAXCAX,Penelope superciliaris,Yes,Penelope superciliaris-CAXCAX,Priodontes maximus,No,Priodontes maximus-CAXCAX,Psophia viridis,Yes,Psophia viridis-CAXCAX,Puma concolor,No,Puma concolor-CAXCAX,Puma yagouaroundi,No,Puma yagouaroundi-CAXCAX,Tamandua tetradactyla,Yes,Tamandua tetradactyla-CAXCAX,Tapirus terrestris,Yes,Tapirus terrestris-CAXCAX,Tayassu pecari,Yes,Tayassu pecari-CAXCAX,Tinamus guttatus,Yes,Tinamus guttatus-CAXCAX,Tinamus major,Yes,Tinamus major-CAXCAX,Tinamus tao,Yes,Tinamus tao-CAXCOU,Aramides cajaneus,No,Aramides cajaneus-COUCOU,Atelocynus microtis,No,Atelocynus microtis-COUCOU,Crypturellus bartletti,No,Crypturellus bartletti-COUCOU,Crypturellus cinereus,No,Crypturellus cinereus-COUCOU,Crypturellus soui,No,Crypturellus soui-COUCOU,Crypturellus undulatus,No,Crypturellus undulatus-COUCOU,Crypturellus variegatus,No,Crypturellus variegatus-COUCOU,Cuniculus paca,No,Cuniculus paca-COUCOU,Dasyprocta punctata,No,Dasyprocta punctata-COUCOU,Dasypus kappleri,No,Dasypus kappleri-COUCOU,Dasypus novemcinctus,No,Dasypus novemcinctus-COUCOU,Didelphis marsupialis,No,Didelphis marsupialis-COUCOU,Eira barbara,No,Eira barbara-COUCOU,Geotrygon montana,No,Geotrygon montana-COUCOU,Geotrygon violacea,No,Geotrygon violacea-COUCOU,Hydrochoerus hydrochaeris,No,Hydrochoerus hydrochaeris-COUCOU,Leopardus pardalis,No,Leopardus pardalis-COUCOU,Leopardus tigrinus,No,Leopardus tigrinus-COUCOU,Leopardus wiedii,No,Leopardus wiedii-COUCOU,Leptotila rufaxilla,No,Leptotila rufaxilla-COUCOU,Mazama americana,No,Mazama americana-COUCOU,Mitu tuberosum,No,Mitu tuberosum-COUCOU,Myoprocta pratti,No,Myoprocta pratti-COUCOU,Myrmecophaga tridactyla,No,Myrmecophaga tridactyla-COUCOU,Nasua nasua,No,Nasua nasua-COUCOU,Neomorphus geoffroyi,No,Neomorphus geoffroyi-COUCOU,Odontophorus stellatus,No,Odontophorus stellatus-COUCOU,Panthera onca,No,Panthera onca-COUCOU,Pecari tajacu,No,Pecari tajacu-COUCOU,Penelope jacquacu,No,Penelope jacquacu-COUCOU,Philander opossum,No,Philander opossum-COUCOU,Priodontes maximus,No,Priodontes maximus-COUCOU,Procyon cancrivorus,No,Procyon cancrivorus-COUCOU,Proechimys brevicauda,No,Proechimys brevicauda-COUCOU,Psophia leucoptera,No,Psophia leucoptera-COUCOU,Pteronura brasiliensis,No,Pteronura brasiliensis-COUCOU,Puma concolor,No,Puma concolor-COUCOU,Puma yagouaroundi,No,Puma yagouaroundi-COUCOU,Sciurus ignitus,No,Sciurus ignitus-COUCOU,Sciurus igniventris,No,Sciurus igniventris-COUCOU,Sciurus spadiceus,No,Sciurus spadiceus-COUCOU,Sylvilagus brasiliensis,No,Sylvilagus brasiliensis-COUCOU,Tamandua tetradactyla,No,Tamandua tetradactyla-COUCOU,Tapirus terrestris,No,Tapirus terrestris-COUCOU,Tayassu pecari,No,Tayassu pecari-COUCOU,Tinamus guttatus,No,Tinamus guttatus-COUCOU,Tinamus major,No,Tinamus major-COUCOU,Tinamus tao,No,Tinamus tao-COUCSN,Aramides cajaneus,No,Aramides cajaneus-CSNCSN,Cabassous unicinctus,No,Cabassous unicinctus-CSNCSN,Crax alector,Yes,Crax alector-CSNCSN,Crypturellus cinereus,Yes,Crypturellus cinereus-CSNCSN,Crypturellus erythropus,Yes,Crypturellus erythropus-CSNCSN,Crypturellus soui,Yes,Crypturellus soui-CSNCSN,Crypturellus variegatus,Yes,Crypturellus variegatus-CSNCSN,Cuniculus paca,Yes,Cuniculus paca-CSNCSN,Dasyprocta leporina,Yes,Dasyprocta leporina-CSNCSN,Dasypus kappleri,Yes,Dasypus kappleri-CSNCSN,Dasypus novemcinctus,Yes,Dasypus novemcinctus-CSNCSN,Didelphis marsupialis,No,Didelphis marsupialis-CSNCSN,Eira barbara,No,Eira barbara-CSNCSN,Geotrygon montana,Unknown,Geotrygon montana-CSNCSN,Geotrygon violacea,Unknown,Geotrygon violacea-CSNCSN,Leopardus pardalis,Yes,Leopardus pardalis-CSNCSN,Leopardus tigrinus,No,Leopardus tigrinus-CSNCSN,Leopardus wiedii,Yes,Leopardus wiedii-CSNCSN,Leptotila rufaxilla,Unknown,Leptotila rufaxilla-CSNCSN,Mazama americana,Yes,Mazama americana-CSNCSN,Mazama gouazoubira,Yes,Mazama gouazoubira-CSNCSN,Mazama nemorivaga,Yes,Mazama nemorivaga-CSNCSN,Metachirus nudicaudatus,No,Metachirus nudicaudatus-CSNCSN,Myoprocta acouchy,Yes,Myoprocta acouchy-CSNCSN,Myrmecophaga tridactyla,Yes,Myrmecophaga tridactyla-CSNCSN,Nasua nasua,No,Nasua nasua-CSNCSN,Odocoileus virginianus,Yes,Odocoileus virginianus-CSNCSN,Odontophorus gujanensis,Unknown,Odontophorus gujanensis-CSNCSN,Panthera onca,Yes,Panthera onca-CSNCSN,Pecari tajacu,Yes,Pecari tajacu-CSNCSN,Penelope jacquacu,No,Penelope jacquacu-CSNCSN,Philander opossum,No,Philander opossum-CSNCSN,Priodontes maximus,Yes,Priodontes maximus-CSNCSN,Procyon cancrivorus,No,Procyon cancrivorus-CSNCSN,Proechimys cuvieri,No,Proechimys cuvieri-CSNCSN,Proechimys guyannensis,No,Proechimys guyannensis-CSNCSN,Proechimys steerei,No,Proechimys steerei-CSNCSN,Psophia crepitans,Yes,Psophia crepitans-CSNCSN,Puma concolor,Yes,Puma concolor-CSNCSN,Puma yagouaroundi,Yes,Puma yagouaroundi-CSNCSN,Speothos venaticus,No,Speothos venaticus-CSNCSN,Tamandua tetradactyla,Yes,Tamandua tetradactyla-CSNCSN,Tapirus terrestris,Yes,Tapirus terrestris-CSNCSN,Tayassu pecari,Yes,Tayassu pecari-CSNCSN,Tinamus major,Yes,Tinamus major-CSNKRP,Agelastes niger,Unknown,Agelastes niger-KRPKRP,Atherurus africanus,Yes,Atherurus africanus-KRPKRP,Atilax paludinosus,Yes,Atilax paludinosus-KRPKRP,Bdeogale nigripes,Yes,Bdeogale nigripes-KRPKRP,Canirallus oculeus,No,Canirallus oculeus-KRPKRP,Cephalophus ogilbyi,Yes,Cephalophus ogilbyi-KRPKRP,Cephalophus silvicultor,Yes,Cephalophus silvicultor-KRPKRP,Cercocebus torquatus,Yes,Cercocebus torquatus-KRPKRP,Cercopithecus nictitans,Yes,Cercopithecus nictitans-KRPKRP,Civettictis civetta,Yes,Civettictis civetta-KRPKRP,Cricetomys emini,Yes,Cricetomys emini-KRPKRP,Crossarchus obscurus,Yes,Crossarchus obscurus-KRPKRP,Francolinus lathami,No,Francolinus lathami-KRPKRP,Funisciurus anerythrus,Unknown,Funisciurus anerythrus-KRPKRP,Funisciurus leucogenys,Unknown,Funisciurus leucogenys-KRPKRP,Funisciurus pyrropus,Unknown,Funisciurus pyrropus-KRPKRP,Genetta servalina,Yes,Genetta servalina-KRPKRP,Herpestes naso,Yes,Herpestes naso-KRPKRP,Himantornis haematopus,No,Himantornis haematopus-KRPKRP,Hyemoschus aquaticus,Yes,Hyemoschus aquaticus-KRPKRP,Loxodonta africana,Yes,Loxodonta africana-KRPKRP,Mandrillus leucophaeus,Yes,Mandrillus leucophaeus-KRPKRP,Nandinia binotata,Yes,Nandinia binotata-KRPKRP,Phataginus tricuspis,Yes,Phataginus tricuspis-KRPKRP,Philantomba monticola,Yes,Philantomba monticola-KRPKRP,Picathartes oreas,Unknown,Picathartes oreas-KRPKRP,Potamochoerus porcus,Yes,Potamochoerus porcus-KRPKRP,Thryonomys swinderianus,Yes,Thryonomys swinderianus-KRPKRP,Turtur brehmeri,No,Turtur brehmeri-KRPNAK,Arborophila chloropus,Yes,Arborophila chloropus-NAKNAK,Arctictis binturong,Yes,Arctictis binturong-NAKNAK,Arctonyx collaris,Yes,Arctonyx collaris-NAKNAK,Atherurus macrourus,Yes,Atherurus macrourus-NAKNAK,Capricornis milneedwardsii,Yes,Capricornis milneedwardsii-NAKNAK,Cuon alpinus,Unknown,Cuon alpinus-NAKNAK,Francolinus pintadeanus,Yes,Francolinus pintadeanus-NAKNAK,Gallus gallus,Yes,Gallus gallus-NAKNAK,Herpestes urva,Unknown,Herpestes urva-NAKNAK,Hystrix brachyura,Yes,Hystrix brachyura-NAKNAK,Leopoldamys sabanus,Yes,Leopoldamys sabanus-NAKNAK,Lophura diardi,Yes,Lophura diardi-NAKNAK,Lophura nycthemera,Yes,Lophura nycthemera-NAKNAK,Macaca arctoides,Yes,Macaca arctoides-NAKNAK,Macaca assamensis,Yes,Macaca assamensis-NAKNAK,Macaca leonina,Yes,Macaca leonina-NAKNAK,Manis javanica,Yes,Manis javanica-NAKNAK,Martes flavigula,Unknown,Martes flavigula-NAKNAK,Melogale personata,Yes,Melogale personata-NAKNAK,Muntiacus muntjak,Yes,Muntiacus muntjak-NAKNAK,Paradoxurus hermaphroditus,Yes,Paradoxurus hermaphroditus-NAKNAK,Pardofelis marmorata,Yes,Pardofelis marmorata-NAKNAK,Pardofelis temminckii,Yes,Pardofelis temminckii-NAKNAK,Polyplectron bicalcaratum,Yes,Polyplectron bicalcaratum-NAKNAK,Prionailurus bengalensis,Yes,Prionailurus bengalensis-NAKNAK,Sus scrofa,Yes,Sus scrofa-NAKNAK,Tragulus kanchil,Yes,Tragulus kanchil-NAKNAK,Viverra zibetha,Yes,Viverra zibetha-NAKNNN,Agelastes niger,Unknown,Agelastes niger-NNNNNN,Atherurus africanus,Yes,Atherurus africanus-NNNNNN,Atilax paludinosus,No,Atilax paludinosus-NNNNNN,Bdeogale nigripes,No,Bdeogale nigripes-NNNNNN,Caracal aurata,No,Caracal aurata-NNNNNN,Cephalophus callipygus,Yes,Cephalophus callipygus-NNNNNN,Cephalophus dorsalis,Yes,Cephalophus dorsalis-NNNNNN,Cephalophus leucogaster,Yes,Cephalophus leucogaster-NNNNNN,Cephalophus nigrifrons,Yes,Cephalophus nigrifrons-NNNNNN,Cephalophus silvicultor,No,Cephalophus silvicultor-NNNNNN,Cercocebus agilis,Yes,Cercocebus agilis-NNNNNN,Cercopithecus nictitans,Yes,Cercopithecus nictitans-NNNNNN,Civettictis civetta,Yes,Civettictis civetta-NNNNNN,Cricetomys emini,No,Cricetomys emini-NNNNNN,Cricetomys gambianus,No,Cricetomys gambianus-NNNNNN,Francolinus lathami,No,Francolinus lathami-NNNNNN,Funisciurus lemniscatus,No,Funisciurus lemniscatus-NNNNNN,Funisciurus pyrropus,No,Funisciurus pyrropus-NNNNNN,Genetta servalina,Yes,Genetta servalina-NNNNNN,Gorilla gorilla,Yes,Gorilla gorilla-NNNNNN,Guttera plumifera,Unknown,Guttera plumifera-NNNNNN,Herpestes naso,No,Herpestes naso-NNNNNN,Hyemoschus aquaticus,Yes,Hyemoschus aquaticus-NNNNNN,Hylochoerus meinertzhageni,Yes,Hylochoerus meinertzhageni-NNNNNN,Loxodonta africana,Yes,Loxodonta africana-NNNNNN,Mellivora capensis,No,Mellivora capensis-NNNNNN,Nandinia binotata,Yes,Nandinia binotata-NNNNNN,Orycteropus afer,No,Orycteropus afer-NNNNNN,Pan troglodytes,Yes,Pan troglodytes-NNNNNN,Panthera pardus,No,Panthera pardus-NNNNNN,Phataginus tricuspis,Yes,Phataginus tricuspis-NNNNNN,Philantomba monticola,Yes,Philantomba monticola-NNNNNN,Potamochoerus porcus,Yes,Potamochoerus porcus-NNNNNN,Protoxerus stangeri,No,Protoxerus stangeri-NNNNNN,Smutsia gigantea,Yes,Smutsia gigantea-NNNNNN,Syncerus caffer,Yes,Syncerus caffer-NNNNNN,Thryonomys swinderianus,No,Thryonomys swinderianus-NNNNNN,Tragelaphus eurycerus,Yes,Tragelaphus eurycerus-NNNNNN,Tragelaphus spekii,Yes,Tragelaphus spekii-NNNNNN,Turtur brehmeri,No,Turtur brehmeri-NNNPSH,Arctictis binturong,Unknown,Arctictis binturong-PSHPSH,Argusianus argus,Yes,Argusianus argus-PSHPSH,Atherurus macrourus,Yes,Atherurus macrourus-PSHPSH,Callosciurus erythraeus,Yes,Callosciurus erythraeus-PSHPSH,Capricornis sumatraensis,Yes,Capricornis sumatraensis-PSHPSH,Chalcophaps indica,Unknown,Chalcophaps indica-PSHPSH,Cuon alpinus,Unknown,Cuon alpinus-PSHPSH,Echinosorex gymnura,Unknown,Echinosorex gymnura-PSHPSH,Gallus gallus,Yes,Gallus gallus-PSHPSH,Helarctos malayanus,Yes,Helarctos malayanus-PSHPSH,Hemigalus derbyanus,Unknown,Hemigalus derbyanus-PSHPSH,Herpestes brachyurus,Unknown,Herpestes brachyurus-PSHPSH,Hystrix brachyura,Yes,Hystrix brachyura-PSHPSH,Lariscus insignis,Yes,Lariscus insignis-PSHPSH,Leopoldamys sabanus,Unknown,Leopoldamys sabanus-PSHPSH,Lophura ignita,Unknown,Lophura ignita-PSHPSH,Macaca fascicularis,Yes,Macaca fascicularis-PSHPSH,Macaca nemestrina,Yes,Macaca nemestrina-PSHPSH,Manis javanica,Yes,Manis javanica-PSHPSH,Martes flavigula,Unknown,Martes flavigula-PSHPSH,Muntiacus montanus,Unknown,Muntiacus montanus-PSHPSH,Muntiacus muntjak,Yes,Muntiacus muntjak-PSHPSH,Neofelis nebulosa,Yes,Neofelis nebulosa-PSHPSH,Paguma larvata,Unknown,Paguma larvata-PSHPSH,Panthera pardus,Yes,Panthera pardus-PSHPSH,Pardofelis marmorata,Yes,Pardofelis marmorata-PSHPSH,Pardofelis temminckii,Unknown,Pardofelis temminckii-PSHPSH,Presbytis siamensis,Yes,Presbytis siamensis-PSHPSH,Prionailurus bengalensis,Unknown,Prionailurus bengalensis-PSHPSH,Prionailurus planiceps,Unknown,Prionailurus planiceps-PSHPSH,Prionodon linsang,Unknown,Prionodon linsang-PSHPSH,Rhinosciurus laticaudatus,Unknown,Rhinosciurus laticaudatus-PSHPSH,Rhizomys sumatrensis,Yes,Rhizomys sumatrensis-PSHPSH,Rusa unicolor,Yes,Rusa unicolor-PSHPSH,Sundasciurus hippurus,Yes,Sundasciurus hippurus-PSHPSH,Sus scrofa,Yes,Sus scrofa-PSHPSH,Tapirus indicus,No,Tapirus indicus-PSHPSH,Tragulus kanchil,Yes,Tragulus kanchil-PSHPSH,Tupaia glis,Yes,Tupaia glis-PSHPSH,Viverra zibetha,Unknown,Viverra zibetha-PSHRNF,Brachypteracias squamiger,Yes,Brachypteracias squamiger-RNFRNF,Canirallus kioloides,No,Canirallus kioloides-RNFRNF,Coua reynaudii,Yes,Coua reynaudii-RNFRNF,Cryptoprocta ferox,No,Cryptoprocta ferox-RNFRNF,Eulemur rufifrons,No,Eulemur rufifrons-RNFRNF,Eupleres goudotii,Yes,Eupleres goudotii-RNFRNF,Fossa fossana,Yes,Fossa fossana-RNFRNF,Galidia elegans,Yes,Galidia elegans-RNFRNF,Galidictis fasciata,Yes,Galidictis fasciata-RNFRNF,Hemicentetes nigriceps,Yes,Hemicentetes nigriceps-RNFRNF,Hemicentetes semispinosus,Yes,Hemicentetes semispinosus-RNFRNF,Lophotibis cristata,Yes,Lophotibis cristata-RNFRNF,Nesomys rufus,No,Nesomys rufus-RNFRNF,Numida meleagris,Yes,Numida meleagris-RNFRNF,Potamochoerus larvatus,Yes,Potamochoerus larvatus-RNFRNF,Rattus rattus,No,Rattus rattus-RNFRNF,Setifer setosus,Yes,Setifer setosus-RNFRNF,Tenrec ecaudatus,Yes,Tenrec ecaudatus-RNFUDZ,Aplopelia larvata,Yes,Aplopelia larvata-UDZUDZ,Atilax paludinosus,Unknown,Atilax paludinosus-UDZUDZ,Bdeogale crassicauda,Unknown,Bdeogale crassicauda-UDZUDZ,Cephalophus harveyi,Yes,Cephalophus harveyi-UDZUDZ,Cephalophus spadix,Yes,Cephalophus spadix-UDZUDZ,Cercocebus sanjei,Unknown,Cercocebus sanjei-UDZUDZ,Cercopithecus mitis,Yes,Cercopithecus mitis-UDZUDZ,Civettictis civetta,Unknown,Civettictis civetta-UDZUDZ,Cricetomys gambianus,Yes,Cricetomys gambianus-UDZUDZ,Crocuta crocuta,No,Crocuta crocuta-UDZUDZ,Francolinus squamatus,Yes,Francolinus squamatus-UDZUDZ,Genetta servalina,Unknown,Genetta servalina-UDZUDZ,Guttera pucherani,Yes,Guttera pucherani-UDZUDZ,Hystrix africaeaustralis,Yes,Hystrix africaeaustralis-UDZUDZ,Leptailurus serval,Unknown,Leptailurus serval-UDZUDZ,Loxodonta africana,Yes,Loxodonta africana-UDZUDZ,Mellivora capensis,Unknown,Mellivora capensis-UDZUDZ,Mungos mungo,Unknown,Mungos mungo-UDZUDZ,Nandinia binotata,No,Nandinia binotata-UDZUDZ,Nesotragus moschatus,Yes,Nesotragus moschatus-UDZUDZ,Panthera pardus,Yes,Panthera pardus-UDZUDZ,Papio cynocephalus,Yes,Papio cynocephalus-UDZUDZ,Paraxerus vexillarius,Unknown,Paraxerus vexillarius-UDZUDZ,Petrodromus tetradactylus,Unknown,Petrodromus tetradactylus-UDZUDZ,Potamochoerus larvatus,Yes,Potamochoerus larvatus-UDZUDZ,Rhynchocyon cirnei,Unknown,Rhynchocyon cirnei-UDZUDZ,Rhynchocyon udzungwensis,Unknown,Rhynchocyon udzungwensis-UDZUDZ,Syncerus caffer,Yes,Syncerus caffer-UDZUDZ,Thryonomys swinderianus,Yes,Thryonomys swinderianus-UDZUDZ,Tragelaphus scriptus,Yes,Tragelaphus scriptus-UDZUDZ,Xenoperdix udzungwensis,Unknown,Xenoperdix udzungwensis-UDZVB,Conepatus semistriatus,No,Conepatus semistriatus-VBVB,Crax rubra,Yes,Crax rubra-VBVB,Cuniculus paca,Yes,Cuniculus paca-VBVB,Dasyprocta punctata,Yes,Dasyprocta punctata-VBVB,Dasypus novemcinctus,Yes,Dasypus novemcinctus-VBVB,Didelphis marsupialis,No,Didelphis marsupialis-VBVB,Eira barbara,No,Eira barbara-VBVB,Leopardus pardalis,No,Leopardus pardalis-VBVB,Leopardus wiedii,No,Leopardus wiedii-VBVB,Mazama temama,Yes,Mazama temama-VBVB,Metachirus nudicaudatus,No,Metachirus nudicaudatus-VBVB,Nasua narica,No,Nasua narica-VBVB,Nothocercus bonapartei,No,Nothocercus bonapartei-VBVB,Odocoileus virginianus,Yes,Odocoileus virginianus-VBVB,Odontophorus leucolaemus,No,Odontophorus leucolaemus-VBVB,Panthera onca,No,Panthera onca-VBVB,Pecari tajacu,Yes,Pecari tajacu-VBVB,Penelope purpurascens,Yes,Penelope purpurascens-VBVB,Philander opossum,No,Philander opossum-VBVB,Procyon lotor,No,Procyon lotor-VBVB,Proechimys semispinosus,No,Proechimys semispinosus-VBVB,Puma concolor,No,Puma concolor-VBVB,Puma yagouaroundi,No,Puma yagouaroundi-VBVB,Sciurus granatensis,No,Sciurus granatensis-VBVB,Tamandua mexicana,No,Tamandua mexicana-VBVB,Tapirus bairdii,Unknown,Tapirus bairdii-VBVB,Tapirus terrestris,Unknown,Tapirus terrestris-VBVB,Tinamus major,Yes,Tinamus major-VBYAS,Atelocynus microtis,Unknown,Atelocynus microtis-YASYAS,Baryphthengus martii,Unknown,Baryphthengus martii-YASYAS,Crypturellus soui,Unknown,Crypturellus soui-YASYAS,Crypturellus undulatus,Unknown,Crypturellus undulatus-YASYAS,Crypturellus variegatus,Unknown,Crypturellus variegatus-YASYAS,Cuniculus paca,Yes,Cuniculus paca-YASYAS,Dasyprocta fuliginosa,Yes,Dasyprocta fuliginosa-YASYAS,Dasyprocta punctata,Unknown,Dasyprocta punctata-YASYAS,Dasypus kappleri,Unknown,Dasypus kappleri-YASYAS,Dasypus novemcinctus,Unknown,Dasypus novemcinctus-YASYAS,Didelphis marsupialis,Unknown,Didelphis marsupialis-YASYAS,Eira barbara,Unknown,Eira barbara-YASYAS,Galictis vittata,Unknown,Galictis vittata-YASYAS,Geotrygon montana,Unknown,Geotrygon montana-YASYAS,Leopardus pardalis,Yes,Leopardus pardalis-YASYAS,Leopardus wiedii,Yes,Leopardus wiedii-YASYAS,Leptotila rufaxilla,Yes,Leptotila rufaxilla-YASYAS,Mazama americana,Yes,Mazama americana-YASYAS,Mazama nemorivaga,Yes,Mazama nemorivaga-YASYAS,Metachirus nudicaudatus,Unknown,Metachirus nudicaudatus-YASYAS,Mitu salvini,Yes,Mitu salvini-YASYAS,Myoprocta pratti,Yes,Myoprocta pratti-YASYAS,Myrmecophaga tridactyla,Yes,Myrmecophaga tridactyla-YASYAS,Nasua nasua,Yes,Nasua nasua-YASYAS,Neomorphus geoffroyi,Unknown,Neomorphus geoffroyi-YASYAS,Nothocrax urumutum,Yes,Nothocrax urumutum-YASYAS,Odontophorus gujanensis,Yes,Odontophorus gujanensis-YASYAS,Panthera onca,Yes,Panthera onca-YASYAS,Pecari tajacu,Yes,Pecari tajacu-YASYAS,Penelope jacquacu,Yes,Penelope jacquacu-YASYAS,Philander andersoni,Unknown,Philander andersoni-YASYAS,Priodontes maximus,Yes,Priodontes maximus-YASYAS,Procyon cancrivorus,Unknown,Procyon cancrivorus-YASYAS,Psophia crepitans,Yes,Psophia crepitans-YASYAS,Puma concolor,Yes,Puma concolor-YASYAS,Puma yagouaroundi,Unknown,Puma yagouaroundi-YASYAS,Sciurus igniventris ,Yes,Sciurus igniventris -YASYAS,Speothos venaticus,Unknown,Speothos venaticus-YASYAS,Sylvilagus brasiliensis,Unknown,Sylvilagus brasiliensis-YASYAS,Tamandua tetradactyla,Unknown,Tamandua tetradactyla-YASYAS,Tapirus terrestris,Yes,Tapirus terrestris-YASYAS,Tayassu pecari,Yes,Tayassu pecari-YASYAS,Tinamus guttatus,Unknown,Tinamus guttatus-YASYAS,Tinamus major,Yes,Tinamus major-YASYAN,Cuniculus paca,No,Cuniculus paca-YANYAN,Dasyprocta fuliginosa,No,Dasyprocta fuliginosa-YANYAN,Dasypus kappleri,No,Dasypus kappleri-YANYAN,Dasypus novemcinctus,No,Dasypus novemcinctus-YANYAN,Didelphis marsupialis,No,Didelphis marsupialis-YANYAN,Eira barbara,No,Eira barbara-YANYAN,Geotrygon frenata,No,Geotrygon frenata-YANYAN,Leopardus pardalis,No,Leopardus pardalis-YANYAN,Leopardus wiedii,No,Leopardus wiedii-YANYAN,Mazama americana,No,Mazama americana-YANYAN,Metachirus nudicaudatus,No,Metachirus nudicaudatus-YANYAN,Mitu tuberosum,No,Mitu tuberosum-YANYAN,Myrmecophaga tridactyla,No,Myrmecophaga tridactyla-YANYAN,Nasua nasua,No,Nasua nasua-YANYAN,Neomorphus geoffroyi,No,Neomorphus geoffroyi-YANYAN,Panthera onca,No,Panthera onca-YANYAN,Pecari tajacu,No,Pecari tajacu-YANYAN,Penelope jacquacu,No,Penelope jacquacu-YANYAN,Procyon cancrivorus,No,Procyon cancrivorus-YANYAN,Puma concolor,No,Puma concolor-YANYAN,Puma yagouaroundi,No,Puma yagouaroundi-YANYAN,Sciurus spadiceus,No,Sciurus spadiceus-YANYAN,Tamandua tetradactyla,No,Tamandua tetradactyla-YANYAN,Tapirus terrestris,No,Tapirus terrestris-YANYAN,Tinamus guttatus,No,Tinamus guttatus-YANYAN,Tinamus major,No,Tinamus major-YANYAN,Tinamus tao,No,Tinamus tao-YANYAN,Tremarctos ornatus,No,Tremarctos ornatus-YAN